1-800-flowers,1,,,,,,,,,,,,
1-800-flowers,2,,,,,,,,,,,,
1-800-flowers,3,,,,,,,,,,,,
1-800-flowers,4,,,,,,,,,,,,
1-800-flowers,5,,,,,,,,,,,,
1-800-flowers,6,,,,,,,,,,,,
1-800-flowers,7,,,,,,,,,,,,
1-800-flowers,8,,,,,,,,,,,,
1-800-flowers,9,,,,,,,,,,,,
1-800-flowers,10,,,,,,,,,,,,
1-800-flowers,11,,,,,,,,,,,,
1-800-flowers,12,,,,,,,,,,,,
1-800-flowers,13,,,,,,,,,,,,
1-800-flowers,14,,,,,,,,,,,,
1-800-flowers,15,,,,,,,,,,,,
Alfred Sung,1,,,,,,,,,,,,
Alfred Sung,2,,,,,,,,,,,,
Alfred Sung,3,,,,,,,,,,,,
Alfred Sung,4,,,,,,,,,,,,
Alfred Sung,5,,,,,,,,,,,,
Alfred Sung,6,,,,,,,,,,,,
Alfred Sung,7,,,,,,,,,,,,
Alfred Sung,8,,,,,,,,,,,,
Alfred Sung,9,,,,,,,,,,,,
Alfred Sung,10,,,,,,,,,,,,
Alfred Sung,11,,,,,,,,,,,,
Alfred Sung,12,,,,,,,,,,,,
Alfred Sung,13,,,,,,,,,,,,
Alfred Sung,14,,,,,,,,,,,,
Alfred Sung,15,,,,,,,,,,,,
Alibaba,1,,,,,,,,,,,,
Alibaba,2,,,,,,,,,,,,
Alibaba,3,,,,,,,,,,,,
Alibaba,4,,,,,,,,,,,,
Alibaba,5,,,,,,,,,,,,
Alibaba,6,,,,,,,,,,,,
Alibaba,7,,,,,,,,,,,,
Alibaba,8,,,,,,,,,,,,
Alibaba,9,,,,,,,,,,,,
Alibaba,10,,,,,,,,,,,,
Alibaba,11,,,,,,,,,,,,
Alibaba,12,,,,,,,,,,,,
Alibaba,13,,,,,,,,,,,,
Alibaba,14,,,,,,,,,,,,
Alibaba,15,,,,,,,,,,,,
Amazon,1,,,,,,,,,,,,
Amazon,2,,,,,,,,,,,,
Amazon,3,,,,,,,,,,,,
Amazon,4,,,,,,,,,,,,
Amazon,5,,,,,,,,,,,,
Amazon,6,,,,,,,,,,,,
Amazon,7,,,,,,,,,,,,
Amazon,8,,,,,,,,,,,,
Amazon,9,,,,,,,,,,,,
Amazon,10,,,,,,,,,,,,
Amazon,11,,,,,,,,,,,,
Amazon,12,,,,,,,,,,,,
Amazon,13,,,,,,,,,,,,
Amazon,14,,,,,,,,,,,,
Amazon,15,,,,,,,,,,,,
Amazon,16,,,,,,,,,,,,
Amazon,17,,,,,,,,,,,,
Amazon,18,,,,,,,,,,,,
American Apparel,1,,,,,,,,,,,,
American Apparel,2,,,,,,,,,,,,
American Apparel,3,,,,,,,,,,,,
American Apparel,4,,,,,,,,,,,,
American Apparel,5,,,,,,,,,,,,
American Apparel,6,,,,,,,,,,,,
American Apparel,7,,,,,,,,,,,,
American Apparel,8,,,,,,,,,,,,
American Apparel,9,,,,,,,,,,,,
American Apparel,10,,,,,,,,,,,,
American Apparel,11,,,,,,,,,,,,
American Apparel,12,,,,,,,,,,,,
American Apparel,13,,,,,,,,,,,,
American Apparel,14,,,,,,,,,,,,
American Apparel,15,,,,,,,,,,,,
Arngren,1,,,,,,,,,,,,
Arngren,2,,,,,,,,,,,,
Arngren,3,,,,,,,,,,,,
Arngren,4,,,,,,,,,,,,
Arngren,5,,,,,,,,,,,,
Arngren,6,,,,,,,,,,,,
Arngren,7,,,,,,,,,,,,
Arngren,8,,,,,,,,,,,,
Arngren,9,,,,,,,,,,,,
Arngren,10,,,,,,,,,,,,
Arngren,11,,,,,,,,,,,,
Arngren,12,,,,,,,,,,,,
Arngren,13,,,,,,,,,,,,
Arngren,14,,,,,,,,,,,,
Arngren,15,,,,,,,,,,,,
Azteca Soccer,1,,,,,,,,,,,,
Azteca Soccer,2,,,,,,,,,,,,
Azteca Soccer,3,,,,,,,,,,,,
Azteca Soccer,4,,,,,,,,,,,,
Azteca Soccer,5,,,,,,,,,,,,
Azteca Soccer,6,,,,,,,,,,,,
Azteca Soccer,7,,,,,,,,,,,,
Azteca Soccer,8,,,,,,,,,,,,
Azteca Soccer,9,,,,,,,,,,,,
Azteca Soccer,10,,,,,,,,,,,,
Azteca Soccer,11,,,,,,,,,,,,
Azteca Soccer,12,,,,,,,,,,,,
Azteca Soccer,13,,,,,,,,,,,,
Azteca Soccer,14,,,,,,,,,,,,
Azteca Soccer,15,,,,,,,,,,,,
Best Electronic,1,,,,,,,,,,,,
Best Electronic,2,,,,,,,,,,,,
Best Electronic,3,,,,,,,,,,,,
Best Electronic,4,,,,,,,,,,,,
Best Electronic,5,,,,,,,,,,,,
Best Electronic,6,,,,,,,,,,,,
Best Electronic,7,,,,,,,,,,,,
Best Electronic,8,,,,,,,,,,,,
Best Electronic,9,,,,,,,,,,,,
Best Electronic,10,,,,,,,,,,,,
Best Electronic,11,,,,,,,,,,,,
Best Electronic,12,,,,,,,,,,,,
Best Electronic,13,,,,,,,,,,,,
Best Electronic,14,,,,,,,,,,,,
Best Electronic,15,,,,,,,,,,,,
Best Electronic,16,,,,,,,,,,,,
Best Electronic,17,,,,,,,,,,,,
BestBuy,1,,,,,,,,,,,,
BestBuy,2,,,,,,,,,,,,
BestBuy,3,,,,,,,,,,,,
BestBuy,4,,,,,,,,,,,,
BestBuy,5,,,,,,,,,,,,
BestBuy,6,,,,,,,,,,,,
BestBuy,7,,,,,,,,,,,,
BestBuy,8,,,,,,,,,,,,
BestBuy,9,,,,,,,,,,,,
BestBuy,10,,,,,,,,,,,,
BestBuy,11,,,,,,,,,,,,
BestBuy,12,,,,,,,,,,,,
BestBuy,13,,,,,,,,,,,,
BestBuy,14,,,,,,,,,,,,
BestBuy,15,,,,,,,,,,,,
BestBuy,16,,,,,,,,,,,,
BestBuy,17,,,,,,,,,,,,
BestBuy,18,,,,,,,,,,,,
BigCommerce,1,,,,,,,,,,,,
BigCommerce,2,,,,,,,,,,,,
BigCommerce,3,,,,,,,,,,,,
BigCommerce,4,,,,,,,,,,,,
BigCommerce,5,,,,,,,,,,,,
BigCommerce,6,,,,,,,,,,,,
BigCommerce,7,,,,,,,,,,,,
BigCommerce,8,,,,,,,,,,,,
BigCommerce,9,,,,,,,,,,,,
BigCommerce,10,,,,,,,,,,,,
BigCommerce,11,,,,,,,,,,,,
BigCommerce,12,,,,,,,,,,,,
BigCommerce,13,,,,,,,,,,,,
BigCommerce,14,,,,,,,,,,,,
BigCommerce,15,,,,,,,,,,,,
BigCommerce,16,,,,,,,,,,,,
BigCommerce,17,,,,,,,,,,,,
BigCommerce,18,,,,,,,,,,,,
Blinkee,1,,,,,,,,,,,,
Blinkee,2,,,,,,,,,,,,
Blinkee,3,,,,,,,,,,,,
Blinkee,4,,,,,,,,,,,,
Blinkee,5,,,,,,,,,,,,
Blinkee,6,,,,,,,,,,,,
Blinkee,7,,,,,,,,,,,,
Blinkee,8,,,,,,,,,,,,
Blinkee,9,,,,,,,,,,,,
Blinkee,10,,,,,,,,,,,,
Blinkee,11,,,,,,,,,,,,
Blinkee,12,,,,,,,,,,,,
Blinkee,13,,,,,,,,,,,,
Blinkee,14,,,,,,,,,,,,
Blinkee,15,,,,,,,,,,,,
Blinkee,16,,,,,,,,,,,,
Bliss,1,,,,,,,,,,,,
Bliss,2,,,,,,,,,,,,
Bliss,3,,,,,,,,,,,,
Bliss,4,,,,,,,,,,,,
Bliss,5,,,,,,,,,,,,
Bliss,6,,,,,,,,,,,,
Bliss,7,,,,,,,,,,,,
Bliss,8,,,,,,,,,,,,
Bliss,9,,,,,,,,,,,,
Bliss,10,,,,,,,,,,,,
Bliss,11,,,,,,,,,,,,
Bliss,12,,,,,,,,,,,,
Bliss,13,,,,,,,,,,,,
Bliss,14,,,,,,,,,,,,
Bliss,15,,,,,,,,,,,,
BonBonBon,1,,,,,,,,,,,,
BonBonBon,2,,,,,,,,,,,,
BonBonBon,3,,,,,,,,,,,,
BonBonBon,4,,,,,,,,,,,,
BonBonBon,5,,,,,,,,,,,,
BonBonBon,6,,,,,,,,,,,,
BonBonBon,7,,,,,,,,,,,,
BonBonBon,8,,,,,,,,,,,,
BonBonBon,9,,,,,,,,,,,,
BonBonBon,10,,,,,,,,,,,,
BonBonBon,11,,,,,,,,,,,,
BonBonBon,12,,,,,,,,,,,,
BonBonBon,13,,,,,,,,,,,,
BonBonBon,14,,,,,,,,,,,,
BonBonBon,15,,,,,,,,,,,,
BonBonBon,16,,,,,,,,,,,,
BonBonBon,17,,,,,,,,,,,,
BonBonBon,18,,,,,,,,,,,,
BonBonBon,19,,,,,,,,,,,,
Costco,1,,,,,,,,,,,,
Costco,2,,,,,,,,,,,,
Costco,3,,,,,,,,,,,,
Costco,4,,,,,,,,,,,,
Costco,5,,,,,,,,,,,,
Costco,6,,,,,,,,,,,,
Costco,7,,,,,,,,,,,,
Costco,8,,,,,,,,,,,,
Costco,9,,,,,,,,,,,,
Costco,10,,,,,,,,,,,,
Costco,11,,,,,,,,,,,,
Costco,12,,,,,,,,,,,,
Costco,13,,,,,,,,,,,,
Costco,14,,,,,,,,,,,,
Costco,15,,,,,,,,,,,,
CruiseMaster,1,,,,,,,,,,,,
CruiseMaster,2,,,,,,,,,,,,
CruiseMaster,3,,,,,,,,,,,,
CruiseMaster,4,,,,,,,,,,,,
CruiseMaster,5,,,,,,,,,,,,
CruiseMaster,6,,,,,,,,,,,,
CruiseMaster,7,,,,,,,,,,,,
CruiseMaster,8,,,,,,,,,,,,
CruiseMaster,9,,,,,,,,,,,,
CruiseMaster,10,,,,,,,,,,,,
CruiseMaster,11,,,,,,,,,,,,
CruiseMaster,12,,,,,,,,,,,,
CruiseMaster,13,,,,,,,,,,,,
CruiseMaster,14,,,,,,,,,,,,
CruiseMaster,15,,,,,,,,,,,,
Custom Barres,1,,,,,,,,,,,,
Custom Barres,2,,,,,,,,,,,,
Custom Barres,3,,,,,,,,,,,,
Custom Barres,4,,,,,,,,,,,,
Custom Barres,5,,,,,,,,,,,,
Custom Barres,6,,,,,,,,,,,,
Custom Barres,7,,,,,,,,,,,,
Custom Barres,8,,,,,,,,,,,,
Custom Barres,9,,,,,,,,,,,,
Custom Barres,10,,,,,,,,,,,,
Custom Barres,11,,,,,,,,,,,,
Custom Barres,12,,,,,,,,,,,,
Custom Barres,13,,,,,,,,,,,,
Custom Barres,14,,,,,,,,,,,,
Custom Barres,15,,,,,,,,,,,,
CVS,1,,,,,,,,,,,,
CVS,2,,,,,,,,,,,,
CVS,3,,,,,,,,,,,,
CVS,4,,,,,,,,,,,,
CVS,5,,,,,,,,,,,,
CVS,6,,,,,,,,,,,,
CVS,7,,,,,,,,,,,,
CVS,8,,,,,,,,,,,,
CVS,9,,,,,,,,,,,,
CVS,10,,,,,,,,,,,,
CVS,11,,,,,,,,,,,,
CVS,12,,,,,,,,,,,,
CVS,13,,,,,,,,,,,,
CVS,14,,,,,,,,,,,,
CVS,15,,,,,,,,,,,,
Decibullz,1,,,,,,,,,,,,
Decibullz,2,,,,,,,,,,,,
Decibullz,3,,,,,,,,,,,,
Decibullz,4,,,,,,,,,,,,
Decibullz,5,,,,,,,,,,,,
Decibullz,6,,,,,,,,,,,,
Decibullz,7,,,,,,,,,,,,
Decibullz,8,,,,,,,,,,,,
Decibullz,9,,,,,,,,,,,,
Decibullz,10,,,,,,,,,,,,
Decibullz,11,,,,,,,,,,,,
Decibullz,12,,,,,,,,,,,,
Decibullz,13,,,,,,,,,,,,
Decibullz,14,,,,,,,,,,,,
Decibullz,15,,,,,,,,,,,,
DSW,1,,,,,,,,,,,,
DSW,2,,,,,,,,,,,,
DSW,3,,,,,,,,,,,,
DSW,4,,,,,,,,,,,,
DSW,5,,,,,,,,,,,,
DSW,6,,,,,,,,,,,,
DSW,7,,,,,,,,,,,,
DSW,8,,,,,,,,,,,,
DSW,9,,,,,,,,,,,,
DSW,10,,,,,,,,,,,,
DSW,11,,,,,,,,,,,,
DSW,12,,,,,,,,,,,,
DSW,13,,,,,,,,,,,,
DSW,14,,,,,,,,,,,,
DSW,15,,,,,,,,,,,,
DSW,16,,,,,,,,,,,,
eBay,1,,,,,,,,,,,,
eBay,2,,,,,,,,,,,,
eBay,3,,,,,,,,,,,,
eBay,4,,,,,,,,,,,,
eBay,5,,,,,,,,,,,,
eBay,6,,,,,,,,,,,,
eBay,7,,,,,,,,,,,,
eBay,8,,,,,,,,,,,,
eBay,9,,,,,,,,,,,,
eBay,10,,,,,,,,,,,,
eBay,11,,,,,,,,,,,,
eBay,12,,,,,,,,,,,,
eBay,13,,,,,,,,,,,,
eBay,14,,,,,,,,,,,,
eBay,15,,,,,,,,,,,,
eBay,16,,,,,,,,,,,,
Electrifying Times,1,,,,,,,,,,,,
Electrifying Times,2,,,,,,,,,,,,
Electrifying Times,3,,,,,,,,,,,,
Electrifying Times,4,,,,,,,,,,,,
Electrifying Times,5,,,,,,,,,,,,
Electrifying Times,6,,,,,,,,,,,,
Electrifying Times,7,,,,,,,,,,,,
Electrifying Times,8,,,,,,,,,,,,
Electrifying Times,9,,,,,,,,,,,,
Electrifying Times,10,,,,,,,,,,,,
Electrifying Times,11,,,,,,,,,,,,
Electrifying Times,12,,,,,,,,,,,,
Electrifying Times,13,,,,,,,,,,,,
Electrifying Times,14,,,,,,,,,,,,
Electrifying Times,15,,,,,,,,,,,,
Fanatics,1,,,,,,,,,,,,
Fanatics,2,,,,,,,,,,,,
Fanatics,3,,,,,,,,,,,,
Fanatics,4,,,,,,,,,,,,
Fanatics,5,,,,,,,,,,,,
Fanatics,6,,,,,,,,,,,,
Fanatics,7,,,,,,,,,,,,
Fanatics,8,,,,,,,,,,,,
Fanatics,9,,,,,,,,,,,,
Fanatics,10,,,,,,,,,,,,
Fanatics,11,,,,,,,,,,,,
Fanatics,12,,,,,,,,,,,,
Fanatics,13,,,,,,,,,,,,
Fanatics,14,,,,,,,,,,,,
Fanatics,15,,,,,,,,,,,,
Flipkart,1,,,,,,,,,,,,
Flipkart,2,,,,,,,,,,,,
Flipkart,3,,,,,,,,,,,,
Flipkart,4,,,,,,,,,,,,
Flipkart,5,,,,,,,,,,,,
Flipkart,6,,,,,,,,,,,,
Flipkart,7,,,,,,,,,,,,
Flipkart,8,,,,,,,,,,,,
Flipkart,9,,,,,,,,,,,,
Flipkart,10,,,,,,,,,,,,
Flipkart,11,,,,,,,,,,,,
Flipkart,12,,,,,,,,,,,,
Flipkart,13,,,,,,,,,,,,
Flipkart,14,,,,,,,,,,,,
Flipkart,15,,,,,,,,,,,,
Footlocker,1,,,,,,,,,,,,
Footlocker,2,,,,,,,,,,,,
Footlocker,3,,,,,,,,,,,,
Footlocker,4,,,,,,,,,,,,
Footlocker,5,,,,,,,,,,,,
Footlocker,6,,,,,,,,,,,,
Footlocker,7,,,,,,,,,,,,
Footlocker,8,,,,,,,,,,,,
Footlocker,9,,,,,,,,,,,,
Footlocker,10,,,,,,,,,,,,
Footlocker,11,,,,,,,,,,,,
Footlocker,12,,,,,,,,,,,,
Footlocker,13,,,,,,,,,,,,
Footlocker,14,,,,,,,,,,,,
Footlocker,15,,,,,,,,,,,,
Free City Supershop,1,,,,,,,,,,,,
Free City Supershop,2,,,,,,,,,,,,
Free City Supershop,3,,,,,,,,,,,,
Free City Supershop,4,,,,,,,,,,,,
Free City Supershop,5,,,,,,,,,,,,
Free City Supershop,6,,,,,,,,,,,,
Free City Supershop,7,,,,,,,,,,,,
Free City Supershop,8,,,,,,,,,,,,
Free City Supershop,9,,,,,,,,,,,,
Free City Supershop,10,,,,,,,,,,,,
Free City Supershop,11,,,,,,,,,,,,
H & M,1,,,,,,,,,,,,
H & M,2,,,,,,,,,,,,
H & M,3,,,,,,,,,,,,
H & M,4,,,,,,,,,,,,
H & M,5,,,,,,,,,,,,
H & M,6,,,,,,,,,,,,
H & M,7,,,,,,,,,,,,
H & M,8,,,,,,,,,,,,
H & M,9,,,,,,,,,,,,
H & M,10,,,,,,,,,,,,
H & M,11,,,,,,,,,,,,
H & M,12,,,,,,,,,,,,
H & M,13,,,,,,,,,,,,
H & M,14,,,,,,,,,,,,
H & M,15,,,,,,,,,,,,
H & M,16,,,,,,,,,,,,
H & M,17,,,,,,,,,,,,
H & M,18,,,,,,,,,,,,
H & M,19,,,,,,,,,,,,
Home Science Tools,1,,,,,,,,,,,,
Home Science Tools,2,,,,,,,,,,,,
Home Science Tools,3,,,,,,,,,,,,
Home Science Tools,4,,,,,,,,,,,,
Home Science Tools,5,,,,,,,,,,,,
Home Science Tools,6,,,,,,,,,,,,
Home Science Tools,7,,,,,,,,,,,,
Home Science Tools,8,,,,,,,,,,,,
Home Science Tools,9,,,,,,,,,,,,
Home Science Tools,10,,,,,,,,,,,,
Home Science Tools,11,,,,,,,,,,,,
Home Science Tools,12,,,,,,,,,,,,
Home Science Tools,13,,,,,,,,,,,,
Home Science Tools,14,,,,,,,,,,,,
Home Science Tools,15,,,,,,,,,,,,
Ikea,1,,,,,,,,,,,,
Ikea,2,,,,,,,,,,,,
Ikea,3,,,,,,,,,,,,
Ikea,4,,,,,,,,,,,,
Ikea,5,,,,,,,,,,,,
Ikea,6,,,,,,,,,,,,
Ikea,7,,,,,,,,,,,,
Ikea,8,,,,,,,,,,,,
Ikea,9,,,,,,,,,,,,
Ikea,10,,,,,,,,,,,,
Ikea,11,,,,,,,,,,,,
Ikea,12,,,,,,,,,,,,
Ikea,13,,,,,,,,,,,,
Ikea,14,,,,,,,,,,,,
Ikea,15,,,,,,,,,,,,
Ikea,16,,,,,,,,,,,,
Jabong,1,,,,,,,,,,,,
Jabong,2,,,,,,,,,,,,
Jabong,3,,,,,,,,,,,,
Jabong,4,,,,,,,,,,,,
Jabong,5,,,,,,,,,,,,
Jabong,6,,,,,,,,,,,,
Jabong,7,,,,,,,,,,,,
Jabong,8,,,,,,,,,,,,
Jabong,9,,,,,,,,,,,,
Jabong,10,,,,,,,,,,,,
Jabong,11,,,,,,,,,,,,
Jabong,12,,,,,,,,,,,,
Jabong,13,,,,,,,,,,,,
Jabong,14,,,,,,,,,,,,
Jabong,15,,,,,,,,,,,,
Jeep People,1,,,,,,,,,,,,
Jeep People,2,,,,,,,,,,,,
Jeep People,3,,,,,,,,,,,,
Jeep People,4,,,,,,,,,,,,
Jeep People,5,,,,,,,,,,,,
Jeep People,6,,,,,,,,,,,,
Jeep People,7,,,,,,,,,,,,
Jeep People,8,,,,,,,,,,,,
Jeep People,9,,,,,,,,,,,,
Jeep People,10,,,,,,,,,,,,
Jeep People,11,,,,,,,,,,,,
Jeep People,12,,,,,,,,,,,,
Jeep People,13,,,,,,,,,,,,
Jeep People,14,,,,,,,,,,,,
Jeep People,15,,,,,,,,,,,,
Koi Computer,1,,,,,,,,,,,,
Koi Computer,2,,,,,,,,,,,,
Koi Computer,3,,,,,,,,,,,,
Koi Computer,4,,,,,,,,,,,,
Koi Computer,5,,,,,,,,,,,,
Koi Computer,6,,,,,,,,,,,,
Koi Computer,7,,,,,,,,,,,,
Koi Computer,8,,,,,,,,,,,,
Koi Computer,9,,,,,,,,,,,,
Koi Computer,10,,,,,,,,,,,,
Koi Computer,11,,,,,,,,,,,,
Koi Computer,12,,,,,,,,,,,,
Koi Computer,13,,,,,,,,,,,,
Koi Computer,14,,,,,,,,,,,,
Koi Computer,15,,,,,,,,,,,,
Lazada,1,,,,,,,,,,,,
Lazada,2,,,,,,,,,,,,
Lazada,3,,,,,,,,,,,,
Lazada,4,,,,,,,,,,,,
Lazada,5,,,,,,,,,,,,
Lazada,6,,,,,,,,,,,,
Lazada,7,,,,,,,,,,,,
Lazada,8,,,,,,,,,,,,
Lazada,9,,,,,,,,,,,,
Lazada,10,,,,,,,,,,,,
Lazada,11,,,,,,,,,,,,
Lazada,12,,,,,,,,,,,,
Lazada,13,,,,,,,,,,,,
Lazada,14,,,,,,,,,,,,
Lazada,15,,,,,,,,,,,,
Lazada,16,,,,,,,,,,,,
Ling's Cars,1,,,,,,,,,,,,
Ling's Cars,2,,,,,,,,,,,,
Ling's Cars,3,,,,,,,,,,,,
Ling's Cars,4,,,,,,,,,,,,
Ling's Cars,5,,,,,,,,,,,,
Ling's Cars,6,,,,,,,,,,,,
Ling's Cars,7,,,,,,,,,,,,
Ling's Cars,8,,,,,,,,,,,,
Ling's Cars,9,,,,,,,,,,,,
Ling's Cars,10,,,,,,,,,,,,
Ling's Cars,11,,,,,,,,,,,,
Ling's Cars,12,,,,,,,,,,,,
Ling's Cars,13,,,,,,,,,,,,
Ling's Cars,14,,,,,,,,,,,,
Ling's Cars,15,,,,,,,,,,,,
Mednat,1,,,,,,,,,,,,
Mednat,2,,,,,,,,,,,,
Mednat,3,,,,,,,,,,,,
Mednat,4,,,,,,,,,,,,
Mednat,5,,,,,,,,,,,,
Mednat,6,,,,,,,,,,,,
Mednat,7,,,,,,,,,,,,
Mednat,8,,,,,,,,,,,,
Mednat,9,,,,,,,,,,,,
Mednat,10,,,,,,,,,,,,
Mednat,11,,,,,,,,,,,,
Mednat,12,,,,,,,,,,,,
Mednat,13,,,,,,,,,,,,
Mednat,14,,,,,,,,,,,,
Mednat,15,,,,,,,,,,,,
Mercia Tourist Board,1,,,,,,,,,,,,
Mercia Tourist Board,2,,,,,,,,,,,,
Mercia Tourist Board,3,,,,,,,,,,,,
Mercia Tourist Board,4,,,,,,,,,,,,
Mercia Tourist Board,5,,,,,,,,,,,,
Mercia Tourist Board,6,,,,,,,,,,,,
Mercia Tourist Board,7,,,,,,,,,,,,
Mercia Tourist Board,8,,,,,,,,,,,,
Mercia Tourist Board,9,,,,,,,,,,,,
Mercia Tourist Board,10,,,,,,,,,,,,
Mercia Tourist Board,11,,,,,,,,,,,,
Mercia Tourist Board,12,,,,,,,,,,,,
Microcenter.com,1,,,,,,,,,,,,
Microcenter.com,2,,,,,,,,,,,,
Microcenter.com,3,,,,,,,,,,,,
Microcenter.com,4,,,,,,,,,,,,
Microcenter.com,5,,,,,,,,,,,,
Microcenter.com,6,,,,,,,,,,,,
Microcenter.com,7,,,,,,,,,,,,
Microcenter.com,8,,,,,,,,,,,,
Microcenter.com,9,,,,,,,,,,,,
Microcenter.com,10,,,,,,,,,,,,
Microcenter.com,11,,,,,,,,,,,,
Microcenter.com,12,,,,,,,,,,,,
Microcenter.com,13,,,,,,,,,,,,
Microcenter.com,14,,,,,,,,,,,,
Microcenter.com,15,,,,,,,,,,,,
Microcenter.com,16,,,,,,,,,,,,
Microcenter.com,17,,,,,,,,,,,,
Microcenter.com,18,,,,,,,,,,,,
Next Chapter,1,,,,,,,,,,,,
Next Chapter,2,,,,,,,,,,,,
Next Chapter,3,,,,,,,,,,,,
Next Chapter,4,,,,,,,,,,,,
Next Chapter,5,,,,,,,,,,,,
Next Chapter,6,,,,,,,,,,,,
Next Chapter,7,,,,,,,,,,,,
Next Chapter,8,,,,,,,,,,,,
Next Chapter,9,,,,,,,,,,,,
Next Chapter,10,,,,,,,,,,,,
Next Chapter,11,,,,,,,,,,,,
Next Chapter,12,,,,,,,,,,,,
Next Chapter,13,,,,,,,,,,,,
Next Chapter,14,,,,,,,,,,,,
Next Chapter,15,,,,,,,,,,,,
Nordstrom,1,,,,,,,,,,,,
Nordstrom,2,,,,,,,,,,,,
Nordstrom,3,,,,,,,,,,,,
Nordstrom,4,,,,,,,,,,,,
Nordstrom,5,,,,,,,,,,,,
Nordstrom,6,,,,,,,,,,,,
Nordstrom,7,,,,,,,,,,,,
Nordstrom,8,,,,,,,,,,,,
Nordstrom,9,,,,,,,,,,,,
Nordstrom,10,,,,,,,,,,,,
Nordstrom,11,,,,,,,,,,,,
Nordstrom,12,,,,,,,,,,,,
Nordstrom,13,,,,,,,,,,,,
Nordstrom,14,,,,,,,,,,,,
Nordstrom,15,,,,,,,,,,,,
Nordstrom,16,,,,,,,,,,,,
Opensky,1,,,,,,,,,,,,
Opensky,2,,,,,,,,,,,,
Opensky,3,,,,,,,,,,,,
Opensky,4,,,,,,,,,,,,
Opensky,5,,,,,,,,,,,,
Opensky,6,,,,,,,,,,,,
Opensky,7,,,,,,,,,,,,
Opensky,8,,,,,,,,,,,,
Opensky,9,,,,,,,,,,,,
Opensky,10,,,,,,,,,,,,
Opensky,11,,,,,,,,,,,,
Opensky,12,,,,,,,,,,,,
Opensky,13,,,,,,,,,,,,
Opensky,14,,,,,,,,,,,,
Opensky,15,,,,,,,,,,,,
P & M Computers,1,,,,,,,,,,,,
P & M Computers,2,,,,,,,,,,,,
P & M Computers,3,,,,,,,,,,,,
P & M Computers,4,,,,,,,,,,,,
P & M Computers,5,,,,,,,,,,,,
P & M Computers,6,,,,,,,,,,,,
P & M Computers,7,,,,,,,,,,,,
P & M Computers,8,,,,,,,,,,,,
P & M Computers,9,,,,,,,,,,,,
P & M Computers,10,,,,,,,,,,,,
P & M Computers,11,,,,,,,,,,,,
P & M Computers,12,,,,,,,,,,,,
P & M Computers,13,,,,,,,,,,,,
P & M Computers,14,,,,,,,,,,,,
P & M Computers,15,,,,,,,,,,,,
Paradise With A View,1,,,,,,,,,,,,
Paradise With A View,2,,,,,,,,,,,,
Paradise With A View,3,,,,,,,,,,,,
Paradise With A View,4,,,,,,,,,,,,
Paradise With A View,5,,,,,,,,,,,,
Paradise With A View,6,,,,,,,,,,,,
Paradise With A View,7,,,,,,,,,,,,
Paradise With A View,8,,,,,,,,,,,,
Paradise With A View,9,,,,,,,,,,,,
Paradise With A View,10,,,,,,,,,,,,
Paradise With A View,11,,,,,,,,,,,,
Paradise With A View,12,,,,,,,,,,,,
Paradise With A View,13,,,,,,,,,,,,
Paradise With A View,14,,,,,,,,,,,,
Paradise With A View,15,,,,,,,,,,,,
Pennyjuice,1,,,,,,,,,,,,
Pennyjuice,2,,,,,,,,,,,,
Pennyjuice,3,,,,,,,,,,,,
Pennyjuice,4,,,,,,,,,,,,
Pennyjuice,5,,,,,,,,,,,,
Pennyjuice,6,,,,,,,,,,,,
Pennyjuice,7,,,,,,,,,,,,
Pennyjuice,8,,,,,,,,,,,,
Pennyjuice,9,,,,,,,,,,,,
Pennyjuice,10,,,,,,,,,,,,
Pennyjuice,11,,,,,,,,,,,,
Pennyjuice,12,,,,,,,,,,,,
Rakuten,1,,,,,,,,,,,,
Rakuten,2,,,,,,,,,,,,
Rakuten,3,,,,,,,,,,,,
Rakuten,4,,,,,,,,,,,,
Rakuten,5,,,,,,,,,,,,
Rakuten,6,,,,,,,,,,,,
Rakuten,7,,,,,,,,,,,,
Rakuten,8,,,,,,,,,,,,
Rakuten,9,,,,,,,,,,,,
Rakuten,10,,,,,,,,,,,,
Rakuten,11,,,,,,,,,,,,
Rakuten,12,,,,,,,,,,,,
Rakuten,13,,,,,,,,,,,,
Rakuten,14,,,,,,,,,,,,
Rakuten,15,,,,,,,,,,,,
Rakuten,16,,,,,,,,,,,,
Rakuten,17,,,,,,,,,,,,
Rakuten,18,,,,,,,,,,,,
Rakuten,19,,,,,,,,,,,,
RalphLauren.com,1,,,,,,,,,,,,
RalphLauren.com,2,,,,,,,,,,,,
RalphLauren.com,3,,,,,,,,,,,,
RalphLauren.com,4,,,,,,,,,,,,
RalphLauren.com,5,,,,,,,,,,,,
RalphLauren.com,6,,,,,,,,,,,,
RalphLauren.com,7,,,,,,,,,,,,
RalphLauren.com,8,,,,,,,,,,,,
RalphLauren.com,9,,,,,,,,,,,,
RalphLauren.com,10,,,,,,,,,,,,
RalphLauren.com,11,,,,,,,,,,,,
RalphLauren.com,12,,,,,,,,,,,,
RalphLauren.com,13,,,,,,,,,,,,
RalphLauren.com,14,,,,,,,,,,,,
RalphLauren.com,15,,,,,,,,,,,,
RalphLauren.com,16,,,,,,,,,,,,
RalphLauren.com,17,,,,,,,,,,,,
RalphLauren.com,18,,,,,,,,,,,,
RalphLauren.com,19,,,,,,,,,,,,
Renogy,1,,,,,,,,,,,,
Renogy,2,,,,,,,,,,,,
Renogy,3,,,,,,,,,,,,
Renogy,4,,,,,,,,,,,,
Renogy,5,,,,,,,,,,,,
Renogy,6,,,,,,,,,,,,
Renogy,7,,,,,,,,,,,,
Renogy,8,,,,,,,,,,,,
Renogy,9,,,,,,,,,,,,
Renogy,10,,,,,,,,,,,,
Renogy,11,,,,,,,,,,,,
Renogy,12,,,,,,,,,,,,
Renogy,13,,,,,,,,,,,,
Renogy,14,,,,,,,,,,,,
Renogy,15,,,,,,,,,,,,
Renogy,16,,,,,,,,,,,,
Rusty Surfboards,1,,,,,,,,,,,,
Rusty Surfboards,2,,,,,,,,,,,,
Rusty Surfboards,3,,,,,,,,,,,,
Rusty Surfboards,4,,,,,,,,,,,,
Rusty Surfboards,5,,,,,,,,,,,,
Rusty Surfboards,6,,,,,,,,,,,,
Rusty Surfboards,7,,,,,,,,,,,,
Rusty Surfboards,8,,,,,,,,,,,,
Rusty Surfboards,9,,,,,,,,,,,,
Rusty Surfboards,10,,,,,,,,,,,,
Rusty Surfboards,11,,,,,,,,,,,,
Rusty Surfboards,12,,,,,,,,,,,,
Rusty Surfboards,13,,,,,,,,,,,,
Rusty Surfboards,14,,,,,,,,,,,,
Rusty Surfboards,15,,,,,,,,,,,,
Shopee,1,,,,,,,,,,,,
Shopee,2,,,,,,,,,,,,
Shopee,3,,,,,,,,,,,,
Shopee,4,,,,,,,,,,,,
Shopee,5,,,,,,,,,,,,
Shopee,6,,,,,,,,,,,,
Shopee,7,,,,,,,,,,,,
Shopee,8,,,,,,,,,,,,
Shopee,9,,,,,,,,,,,,
Shopee,10,,,,,,,,,,,,
Shopee,11,,,,,,,,,,,,
Shopee,12,,,,,,,,,,,,
Shopee,13,,,,,,,,,,,,
Shopee,14,,,,,,,,,,,,
Shopee,15,,,,,,,,,,,,
Shopee,16,,,,,,,,,,,,
Shopify,1,,,,,,,,,,,,
Shopify,2,,,,,,,,,,,,
Shopify,3,,,,,,,,,,,,
Shopify,4,,,,,,,,,,,,
Shopify,5,,,,,,,,,,,,
Shopify,6,,,,,,,,,,,,
Shopify,7,,,,,,,,,,,,
Shopify,8,,,,,,,,,,,,
Shopify,9,,,,,,,,,,,,
Shopify,10,,,,,,,,,,,,
Shopify,11,,,,,,,,,,,,
Shopify,12,,,,,,,,,,,,
Shopify,13,,,,,,,,,,,,
Shopify,14,,,,,,,,,,,,
Shopify,15,,,,,,,,,,,,
Signal Boosters,1,,,,,,,,,,,,
Signal Boosters,2,,,,,,,,,,,,
Signal Boosters,3,,,,,,,,,,,,
Signal Boosters,4,,,,,,,,,,,,
Signal Boosters,5,,,,,,,,,,,,
Signal Boosters,6,,,,,,,,,,,,
Signal Boosters,7,,,,,,,,,,,,
Signal Boosters,8,,,,,,,,,,,,
Signal Boosters,9,,,,,,,,,,,,
Signal Boosters,10,,,,,,,,,,,,
Signal Boosters,11,,,,,,,,,,,,
Signal Boosters,12,,,,,,,,,,,,
Signal Boosters,13,,,,,,,,,,,,
Signal Boosters,14,,,,,,,,,,,,
Signal Boosters,15,,,,,,,,,,,,
Skullcandy,1,,,,,,,,,,,,
Skullcandy,2,,,,,,,,,,,,
Skullcandy,3,,,,,,,,,,,,
Skullcandy,4,,,,,,,,,,,,
Skullcandy,5,,,,,,,,,,,,
Skullcandy,6,,,,,,,,,,,,
Skullcandy,7,,,,,,,,,,,,
Skullcandy,8,,,,,,,,,,,,
Skullcandy,9,,,,,,,,,,,,
Skullcandy,10,,,,,,,,,,,,
Skullcandy,11,,,,,,,,,,,,
Skullcandy,12,,,,,,,,,,,,
Skullcandy,13,,,,,,,,,,,,
Skullcandy,14,,,,,,,,,,,,
Skullcandy,15,,,,,,,,,,,,
Skullcandy,16,,,,,,,,,,,,
SnapDeal,1,,,,,,,,,,,,
SnapDeal,2,,,,,,,,,,,,
SnapDeal,3,,,,,,,,,,,,
SnapDeal,4,,,,,,,,,,,,
SnapDeal,5,,,,,,,,,,,,
SnapDeal,6,,,,,,,,,,,,
SnapDeal,7,,,,,,,,,,,,
SnapDeal,8,,,,,,,,,,,,
SnapDeal,9,,,,,,,,,,,,
SnapDeal,10,,,,,,,,,,,,
SnapDeal,11,,,,,,,,,,,,
SnapDeal,12,,,,,,,,,,,,
SnapDeal,13,,,,,,,,,,,,
SnapDeal,14,,,,,,,,,,,,
SnapDeal,15,,,,,,,,,,,,
Suzanne Collins Books,1,,,,,,,,,,,,
Suzanne Collins Books,2,,,,,,,,,,,,
Suzanne Collins Books,3,,,,,,,,,,,,
Suzanne Collins Books,4,,,,,,,,,,,,
Suzanne Collins Books,5,,,,,,,,,,,,
Suzanne Collins Books,6,,,,,,,,,,,,
Suzanne Collins Books,7,,,,,,,,,,,,
Suzanne Collins Books,8,,,,,,,,,,,,
Suzanne Collins Books,9,,,,,,,,,,,,
Suzanne Collins Books,10,,,,,,,,,,,,
Suzanne Collins Books,11,,,,,,,,,,,,
Suzanne Collins Books,12,,,,,,,,,,,,
Suzanne Collins Books,13,,,,,,,,,,,,
Suzanne Collins Books,14,,,,,,,,,,,,
Suzanne Collins Books,15,,,,,,,,,,,,
The Mountain,1,,,,,,,,,,,,
The Mountain,2,,,,,,,,,,,,
The Mountain,3,,,,,,,,,,,,
The Mountain,4,,,,,,,,,,,,
The Mountain,5,,,,,,,,,,,,
The Mountain,6,,,,,,,,,,,,
The Mountain,7,,,,,,,,,,,,
The Mountain,8,,,,,,,,,,,,
The Mountain,9,,,,,,,,,,,,
The Mountain,10,,,,,,,,,,,,
The Mountain,11,,,,,,,,,,,,
The Mountain,12,,,,,,,,,,,,
The Mountain,13,,,,,,,,,,,,
The Mountain,14,,,,,,,,,,,,
The Mountain,15,,,,,,,,,,,,
The Mountain,16,,,,,,,,,,,,
The Mountain,17,,,,,,,,,,,,
The Mountain,18,,,,,,,,,,,,
True Links Wear,1,,,,,,,,,,,,
True Links Wear,2,,,,,,,,,,,,
True Links Wear,3,,,,,,,,,,,,
True Links Wear,4,,,,,,,,,,,,
True Links Wear,5,,,,,,,,,,,,
True Links Wear,6,,,,,,,,,,,,
True Links Wear,7,,,,,,,,,,,,
True Links Wear,8,,,,,,,,,,,,
True Links Wear,9,,,,,,,,,,,,
True Links Wear,10,,,,,,,,,,,,
True Links Wear,11,,,,,,,,,,,,
True Links Wear,12,,,,,,,,,,,,
True Links Wear,13,,,,,,,,,,,,
True Links Wear,14,,,,,,,,,,,,
True Links Wear,15,,,,,,,,,,,,
True Links Wear,16,,,,,,,,,,,,
Urban Outfitters,1,,,,,,,,,,,,
Urban Outfitters,2,,,,,,,,,,,,
Urban Outfitters,3,,,,,,,,,,,,
Urban Outfitters,4,,,,,,,,,,,,
Urban Outfitters,5,,,,,,,,,,,,
Urban Outfitters,6,,,,,,,,,,,,
Urban Outfitters,7,,,,,,,,,,,,
Urban Outfitters,8,,,,,,,,,,,,
Urban Outfitters,9,,,,,,,,,,,,
Urban Outfitters,10,,,,,,,,,,,,
Urban Outfitters,11,,,,,,,,,,,,
Urban Outfitters,12,,,,,,,,,,,,
Urban Outfitters,13,,,,,,,,,,,,
Urban Outfitters,14,,,,,,,,,,,,
Urban Outfitters,15,,,,,,,,,,,,
Walgreens,1,,,,,,,,,,,,
Walgreens,2,,,,,,,,,,,,
Walgreens,3,,,,,,,,,,,,
Walgreens,4,,,,,,,,,,,,
Walgreens,5,,,,,,,,,,,,
Walgreens,6,,,,,,,,,,,,
Walgreens,7,,,,,,,,,,,,
Walgreens,8,,,,,,,,,,,,
Walgreens,9,,,,,,,,,,,,
Walgreens,10,,,,,,,,,,,,
Walgreens,11,,,,,,,,,,,,
Walgreens,12,,,,,,,,,,,,
Walgreens,13,,,,,,,,,,,,
Walgreens,14,,,,,,,,,,,,
Walgreens,15,,,,,,,,,,,,
Walgreens,16,,,,,,,,,,,,
Walmart,1,,,,,,,,,,,,
Walmart,2,,,,,,,,,,,,
Walmart,3,,,,,,,,,,,,
Walmart,4,,,,,,,,,,,,
Walmart,5,,,,,,,,,,,,
Walmart,6,,,,,,,,,,,,
Walmart,7,,,,,,,,,,,,
Walmart,8,,,,,,,,,,,,
Walmart,9,,,,,,,,,,,,
Walmart,10,,,,,,,,,,,,
Walmart,11,,,,,,,,,,,,
Walmart,12,,,,,,,,,,,,
Walmart,13,,,,,,,,,,,,
Walmart,14,,,,,,,,,,,,
Walmart,15,,,,,,,,,,,,
Water Equipment,1,,,,,,,,,,,,
Water Equipment,2,,,,,,,,,,,,
Water Equipment,3,,,,,,,,,,,,
Water Equipment,4,,,,,,,,,,,,
Water Equipment,5,,,,,,,,,,,,
Water Equipment,6,,,,,,,,,,,,
Water Equipment,7,,,,,,,,,,,,
Water Equipment,8,,,,,,,,,,,,
Water Equipment,9,,,,,,,,,,,,
Water Equipment,10,,,,,,,,,,,,
Water Equipment,11,,,,,,,,,,,,
Water Equipment,12,,,,,,,,,,,,
Water Equipment,13,,,,,,,,,,,,
Water Equipment,14,,,,,,,,,,,,
Water Equipment,15,,,,,,,,,,,,
Water Equipment,16,,,,,,,,,,,,
Water Equipment,17,,,,,,,,,,,,
Water Equipment,18,,,,,,,,,,,,
Woocommerce,1,,,,,,,,,,,,
Woocommerce,2,,,,,,,,,,,,
Woocommerce,3,,,,,,,,,,,,
Woocommerce,4,,,,,,,,,,,,
Woocommerce,5,,,,,,,,,,,,
Woocommerce,6,,,,,,,,,,,,
Woocommerce,7,,,,,,,,,,,,
Woocommerce,8,,,,,,,,,,,,
Woocommerce,9,,,,,,,,,,,,
Woocommerce,10,,,,,,,,,,,,
Woocommerce,11,,,,,,,,,,,,
Woocommerce,12,,,,,,,,,,,,
Woocommerce,13,,,,,,,,,,,,
Woocommerce,14,,,,,,,,,,,,
Woocommerce,15,,,,,,,,,,,,
Zalora,1,,,,,,,,,,,,
Zalora,2,,,,,,,,,,,,
Zalora,3,,,,,,,,,,,,
Zalora,4,,,,,,,,,,,,
Zalora,5,,,,,,,,,,,,
Zalora,6,,,,,,,,,,,,
Zalora,7,,,,,,,,,,,,
Zalora,8,,,,,,,,,,,,
Zalora,9,,,,,,,,,,,,
Zalora,10,,,,,,,,,,,,
Zalora,11,,,,,,,,,,,,
Zalora,12,,,,,,,,,,,,
Zalora,13,,,,,,,,,,,,
Zalora,14,,,,,,,,,,,,
Zalora,15,,,,,,,,,,,,
Zalora,16,,,,,,,,,,,,
